{"cameraMode":{"drawMode":0,"name":"Shaded","section":"Shading Mode"},"sceneLighting":true,"audioPlay":false,"sceneViewState":{"m_AlwaysRefresh":false,"showFog":true,"showSkybox":true,"showFlares":true,"showImageEffects":true,"showParticleSystems":true,"showVisualEffectGraphs":true,"m_FxEnabled":true},"in2DMode":false,"pivot":{"x":0.369132936000824,"y":0.6012307405471802,"z":0.09519442915916443},"rotation":{"x":-0.0014738987665623427,"y":0.9919641017913818,"z":-0.12596549093723298,"w":-0.011605721898376942},"size":3.697183847427368,"orthographic":false}